cell_id,marker_a,marker_b,irregularity,growth_signal,actual_cancer,cancer_probability,decision
1,0.3768,0.4526,0.0,0.4466,False,0.3343,UNCERTAIN
2,0.9103,0.8339,0.5607,0.8843,True,0.8161,UNCERTAIN
3,0.5354,0.1642,0.6112,0.2537,False,0.4014,UNCERTAIN
4,0.8161,0.6898,0.2923,0.6636,True,0.6492,UNCERTAIN
5,0.0,0.0007,0.3467,0.2756,False,0.1246,PASS
6,0.9223,0.5623,0.7248,0.8868,True,0.7857,UNCERTAIN
7,0.1331,0.2201,0.0349,0.0512,False,0.1188,PASS
8,0.277,0.3056,0.2274,0.5386,False,0.3266,UNCERTAIN
9,0.2549,0.1069,0.1147,0.367,False,0.2123,PASS
10,0.3988,0.6624,0.9495,0.7953,True,0.6541,UNCERTAIN
11,0.4808,0.6824,0.5481,0.2824,True,0.505,UNCERTAIN
12,0.5041,0.1071,0.3097,0.4457,False,0.3543,UNCERTAIN
13,0.5064,0.3581,0.5323,0.3036,False,0.4339,UNCERTAIN
14,0.1395,0.1963,0.1584,0.4019,False,0.21,PASS
15,1.0,0.7276,1.0,0.7929,True,0.8905,TARGET
16,0.5424,0.2466,0.0359,0.3909,False,0.3369,UNCERTAIN
17,0.3841,0.2133,0.2643,0.0895,False,0.2585,PASS
18,0.3621,0.2586,0.29,0.5126,False,0.3519,UNCERTAIN
19,0.9539,0.8519,0.6573,1.0,True,0.8783,TARGET
20,0.0,0.2681,0.408,0.1423,False,0.1771,PASS
21,0.0,0.4594,0.1854,0.3128,False,0.2145,PASS
22,0.1564,0.4617,0.0,0.203,False,0.2108,PASS
23,0.2762,0.4889,0.3924,0.3755,False,0.3725,UNCERTAIN
24,0.6034,0.8327,0.6223,1.0,True,0.7438,UNCERTAIN
25,0.1762,0.3597,0.0,0.2319,False,0.198,PASS
26,0.0,0.6738,0.3346,0.0,False,0.2354,PASS
27,1.0,0.8326,0.5811,0.5228,True,0.7789,UNCERTAIN
28,0.4337,0.3715,0.0966,0.2743,False,0.3189,UNCERTAIN
29,0.2986,0.7816,0.8499,0.9743,True,0.6648,UNCERTAIN
30,0.2103,0.2974,0.0,0.2404,False,0.196,PASS
31,0.2803,0.3436,0.3022,0.1185,False,0.2682,PASS
32,0.1653,0.1499,0.0,0.271,False,0.1495,PASS
33,0.2444,0.1972,0.3314,0.0728,False,0.2157,PASS
34,1.0,0.8284,0.776,0.8234,True,0.877,TARGET
35,0.3852,0.368,0.3088,0.5662,False,0.4018,UNCERTAIN
36,0.1165,0.6404,0.3441,0.2298,False,0.3157,UNCERTAIN
37,0.6962,0.9206,0.8417,0.8503,True,0.8122,UNCERTAIN
38,0.8859,0.9159,0.6445,0.7171,True,0.8114,UNCERTAIN
39,0.8968,0.8377,0.831,0.5086,True,0.7912,UNCERTAIN
40,0.2988,0.3693,0.3276,0.4465,False,0.3517,UNCERTAIN
41,0.2555,0.1169,0.0829,0.2531,False,0.1859,PASS
42,0.0,0.1489,0.2029,0.125,False,0.1028,PASS
43,0.2833,0.3026,0.128,0.2764,False,0.2557,PASS
44,0.4199,0.3978,0.2522,0.3917,False,0.3752,UNCERTAIN
45,0.0,0.1302,0.3492,0.4091,False,0.1842,PASS
46,0.9948,0.5694,0.7499,0.6363,True,0.7678,UNCERTAIN
47,0.9077,0.4365,0.9451,0.6296,True,0.7417,UNCERTAIN
48,0.1225,0.2636,0.0845,0.4443,False,0.2145,PASS
49,0.9414,0.854,0.7903,0.7028,True,0.8416,UNCERTAIN
50,0.0,0.3816,0.0905,0.2696,False,0.1674,PASS
51,0.1421,0.3332,0.0,0.0224,False,0.1375,PASS
52,0.9267,0.7705,0.6645,0.8912,True,0.8281,UNCERTAIN
53,0.4227,0.0981,0.3452,0.3755,False,0.3166,UNCERTAIN
54,0.3026,0.2732,0.1677,0.3421,False,0.2762,PASS
55,0.1363,0.1559,0.3367,0.4156,False,0.2371,PASS
56,0.1879,0.2066,0.1801,0.1615,False,0.1858,PASS
57,0.6923,0.6762,0.718,0.7342,True,0.7018,UNCERTAIN
58,0.0927,0.3121,0.4299,0.4085,False,0.2782,PASS
59,0.1713,0.0949,0.2456,0.3418,False,0.2012,PASS
60,0.1148,0.065,0.4231,0.2195,False,0.185,PASS
61,0.3062,0.4277,0.0,0.1347,False,0.2411,PASS
62,0.5934,1.0,0.8002,1.0,True,0.8177,UNCERTAIN
63,0.2123,0.2185,0.1819,0.2592,False,0.2171,PASS
64,0.0,0.1522,0.0,0.3676,False,0.1116,PASS
65,0.0787,0.2022,0.2788,0.6283,False,0.2595,PASS
66,0.5899,0.7053,0.7792,0.9465,True,0.7279,UNCERTAIN
67,0.3367,0.2875,0.2733,0.1344,False,0.2712,PASS
68,0.0486,0.0047,0.3457,0.1472,False,0.1168,PASS
69,0.0624,0.1034,0.2077,0.3044,False,0.1501,PASS
70,0.8463,0.4254,0.8556,0.4971,True,0.6731,UNCERTAIN
71,0.101,0.3959,0.284,0.4658,False,0.2843,PASS
72,0.9642,0.6537,0.8176,0.8107,True,0.8265,UNCERTAIN
73,0.1636,0.7015,0.0,0.2274,False,0.2781,PASS
74,0.3409,0.1281,0.2987,0.171,False,0.2453,PASS
75,0.3658,0.1417,0.343,0.2888,False,0.2898,PASS
76,0.0219,0.362,0.1305,0.3172,False,0.1877,PASS
77,0.6084,0.7463,0.5733,0.5409,True,0.6223,UNCERTAIN
78,0.1839,0.0,0.0866,0.0,False,0.0817,PASS
79,0.3477,0.3102,0.0724,0.5196,False,0.3177,UNCERTAIN
80,0.3832,0.2158,0.406,0.2613,False,0.3215,UNCERTAIN
81,1.0,0.281,0.9987,0.7571,True,0.7714,UNCERTAIN
82,0.0331,0.342,0.0,0.1919,False,0.1355,PASS
83,0.2241,0.3139,0.1124,0.4865,False,0.2767,PASS
84,0.126,0.2815,0.1159,0.4849,False,0.2346,PASS
85,0.1785,0.2089,0.0,0.4148,False,0.1977,PASS
86,0.0578,0.7398,0.0909,0.4551,False,0.3144,UNCERTAIN
87,0.7936,0.3857,0.5453,0.0072,False,0.4847,UNCERTAIN
88,0.3456,0.3913,0.0458,0.3832,False,0.3046,UNCERTAIN
89,0.276,0.241,0.3562,0.257,False,0.2795,PASS
90,0.1218,0.6324,0.5994,0.5181,True,0.4242,UNCERTAIN
91,0.2415,0.1139,0.3861,0.5503,False,0.3003,UNCERTAIN
92,0.2263,0.0,0.3945,0.4657,False,0.2512,PASS
93,0.3436,0.1339,0.0074,0.1255,False,0.1803,PASS
94,0.4058,0.6945,0.4496,0.8032,True,0.5662,UNCERTAIN
95,0.2528,0.1371,0.2854,0.0,False,0.1798,PASS
96,0.1512,0.5305,0.2785,0.0,False,0.2412,PASS
97,0.7542,0.6884,0.5371,0.7187,True,0.6872,UNCERTAIN
98,0.8525,0.9168,0.9404,0.7983,True,0.8753,TARGET
99,0.7338,0.6366,0.6488,0.4856,True,0.6429,UNCERTAIN
100,0.3944,0.4043,0.1091,0.0261,False,0.2661,PASS
101,0.3282,0.1564,0.0,0.2329,False,0.2006,PASS
102,0.0,0.355,0.0569,0.03,False,0.1061,PASS
103,0.0819,0.303,0.3437,0.278,False,0.2288,PASS
104,0.1977,0.3332,0.2964,0.0,False,0.2118,PASS
105,0.42,0.4161,0.0,0.1841,False,0.2879,PASS
106,0.8556,0.9972,0.4671,0.9935,True,0.8409,UNCERTAIN
107,0.2338,0.0883,0.0029,0.0,False,0.1045,PASS
108,0.3675,0.6342,0.0,0.2988,False,0.3469,UNCERTAIN
109,0.3177,0.2303,0.326,0.1894,False,0.2719,PASS
110,0.422,0.0378,0.3495,0.2092,False,0.2689,PASS
111,0.4448,0.0576,0.3864,0.0,False,0.2474,PASS
112,0.5087,0.0,0.1808,0.3281,False,0.2798,PASS
113,0.0467,0.0604,0.5176,0.3048,False,0.1959,PASS
114,0.5443,0.3635,0.2654,0.6038,False,0.4552,UNCERTAIN
115,0.8016,0.8475,0.9722,0.7696,True,0.8408,UNCERTAIN
116,0.3213,0.3274,0.1122,0.1641,False,0.2496,PASS
117,0.1602,0.0,0.5271,0.3182,False,0.2251,PASS
118,0.2889,0.1299,0.0619,0.2959,False,0.2052,PASS
119,0.7156,0.7964,0.6034,0.9333,True,0.7569,UNCERTAIN
120,0.1598,0.0371,0.0,0.185,False,0.1022,PASS
121,0.3317,0.145,0.407,0.1145,False,0.2567,PASS
122,0.8189,0.724,1.0,0.7228,True,0.8122,UNCERTAIN
123,0.0805,0.4394,0.0,0.3385,False,0.2057,PASS
124,0.0758,0.1563,0.1094,0.5976,False,0.207,PASS
125,0.1523,0.2441,0.4882,0.0113,False,0.2143,PASS
126,0.9867,0.7591,0.654,0.738,True,0.8135,UNCERTAIN
127,0.0592,0.5105,0.5054,0.3778,False,0.325,UNCERTAIN
128,0.158,0.2126,0.2787,0.4747,False,0.2591,PASS
129,0.3241,0.1156,0.3138,0.4437,False,0.2938,PASS
130,0.6165,0.6746,0.655,0.8786,True,0.6911,UNCERTAIN
131,0.9066,0.7194,0.7084,0.6432,True,0.7675,UNCERTAIN
132,0.2595,0.6358,0.2541,0.4645,False,0.3935,UNCERTAIN
133,0.0,0.2308,0.3698,0.2251,False,0.1767,PASS
134,0.2836,0.2973,0.003,0.1926,False,0.2127,PASS
135,0.2337,0.1988,0.0,0.2138,False,0.1743,PASS
136,0.2328,0.3864,0.0,0.1627,False,0.2106,PASS
137,0.0,0.2037,0.356,0.0281,False,0.1277,PASS
138,0.1434,0.4732,0.2388,0.4716,False,0.3106,UNCERTAIN
139,0.1959,0.2835,0.3085,0.0543,False,0.212,PASS
140,0.0,0.3656,0.1972,0.2629,False,0.1834,PASS
141,0.8634,0.7948,0.6254,0.8498,True,0.7959,UNCERTAIN
142,0.0955,0.4288,0.2666,0.2379,False,0.2415,PASS
143,0.1809,0.5472,0.2907,0.0,False,0.2582,PASS
144,0.2258,0.4312,0.4377,0.1601,False,0.3064,UNCERTAIN
145,0.2555,0.2143,0.0,0.1215,False,0.1673,PASS
146,0.0713,0.2398,0.3174,0.405,False,0.2294,PASS
147,0.846,0.7307,0.6491,0.7582,True,0.7602,UNCERTAIN
148,0.2065,0.2453,0.2346,0.25,False,0.2305,PASS
149,0.1002,0.38,0.2919,0.1035,False,0.2092,PASS
150,0.2208,0.2922,0.5812,0.1491,False,0.2964,PASS
151,0.0,0.2661,0.3447,0.0,False,0.1354,PASS
152,0.5803,0.3051,0.1669,0.3095,False,0.3747,UNCERTAIN
153,0.3283,0.161,0.2766,0.1419,False,0.2389,PASS
154,0.2265,0.493,0.0,0.3954,False,0.2816,PASS
155,0.1697,0.148,0.286,0.4004,False,0.2337,PASS
156,0.1151,0.4234,0.2279,0.0796,False,0.2076,PASS
157,0.6178,0.2478,0.0957,0.4315,False,0.3836,UNCERTAIN
158,0.3327,0.2162,0.2744,0.0566,False,0.2367,PASS
159,0.0634,0.0778,0.3342,0.5549,False,0.2195,PASS
160,0.104,0.1859,0.217,0.0,False,0.1263,PASS
161,0.7246,0.5374,0.755,0.6817,True,0.6753,UNCERTAIN
162,0.8972,1.0,0.2579,0.6058,True,0.7368,UNCERTAIN
163,0.3645,0.1844,0.2153,0.157,False,0.2481,PASS
164,0.3162,0.4494,0.0,0.0,False,0.223,PASS
165,0.4828,0.278,0.2212,0.1293,False,0.3086,UNCERTAIN
166,0.0759,0.2709,0.2678,0.3874,False,0.2253,PASS
167,0.2897,0.1235,0.1817,0.332,False,0.235,PASS
168,0.2274,0.5903,0.1736,0.0164,False,0.2652,PASS
169,0.362,0.193,0.0467,0.1395,False,0.2122,PASS
170,0.6694,0.6312,0.8128,0.3228,True,0.6192,UNCERTAIN
171,0.8944,1.0,0.4839,0.687,True,0.7972,UNCERTAIN
172,0.2614,0.2703,0.0,0.3086,False,0.2208,PASS
173,0.0,0.1965,0.2882,0.2514,False,0.157,PASS
174,0.1497,0.0362,0.3734,0.5146,False,0.2391,PASS
175,0.1279,0.7593,0.0423,0.1309,False,0.2692,PASS
176,0.171,0.6422,0.0,0.3515,False,0.2907,PASS
177,0.9129,0.6114,1.0,0.7588,True,0.8241,UNCERTAIN
178,0.1484,0.309,0.122,0.3298,False,0.2196,PASS
179,0.0928,0.3071,0.2204,0.5122,False,0.2557,PASS
180,0.0,0.1394,0.0,0.3553,False,0.1059,PASS
181,0.2074,0.2915,0.4118,0.1578,False,0.2594,PASS
182,0.26,0.0904,0.2972,0.1935,False,0.2118,PASS
183,0.1298,0.317,0.2569,0.1294,False,0.2019,PASS
184,0.3767,0.1251,0.1418,0.0641,False,0.2043,PASS
185,0.6495,0.0,0.3253,0.4668,False,0.3858,UNCERTAIN
186,0.0635,0.0,0.0,0.0871,False,0.0397,PASS
187,0.1321,0.4447,0.4319,0.2072,False,0.2852,PASS
188,0.1695,0.4257,0.1906,0.4586,False,0.2956,PASS
189,0.5865,0.8156,0.7482,0.5586,True,0.6705,UNCERTAIN
190,0.2335,0.7439,0.1436,0.2335,False,0.3431,UNCERTAIN
191,0.1401,0.2713,0.0,0.0,False,0.1169,PASS
192,0.2087,0.0,0.1414,0.0,False,0.1013,PASS
193,0.4468,0.0,0.4616,0.6801,False,0.3847,UNCERTAIN
194,0.9261,0.962,0.6001,0.9474,True,0.8741,TARGET
195,0.3373,0.386,0.0344,0.267,False,0.2748,PASS
196,0.2206,0.1886,0.0,0.1461,False,0.1536,PASS
197,0.6529,0.8412,0.7864,0.6339,True,0.7229,UNCERTAIN
198,0.443,0.3084,0.0804,0.5349,False,0.3552,UNCERTAIN
199,0.2222,0.3438,0.1927,0.3439,False,0.271,PASS
200,0.3742,0.6501,0.5303,0.8702,True,0.5736,UNCERTAIN
201,0.186,0.1284,0.5227,0.4655,False,0.2948,PASS
202,0.0314,0.3486,0.5447,0.2642,False,0.2599,PASS
203,0.4726,0.0017,0.4776,0.5576,False,0.3729,UNCERTAIN
204,1.0,0.6271,1.0,0.9593,True,0.8986,TARGET
205,0.6948,0.8432,0.953,0.3696,True,0.7185,UNCERTAIN
206,0.1478,0.3834,0.1164,0.4823,False,0.2673,PASS
207,0.0,0.5628,0.3688,0.1889,False,0.2522,PASS
208,0.3155,0.2802,0.2706,0.0709,False,0.2487,PASS
209,0.2239,0.0391,0.3095,0.2794,False,0.2059,PASS
210,0.3609,0.2872,0.302,0.1383,False,0.2862,PASS
211,1.0,0.5382,0.5606,0.4826,True,0.6932,UNCERTAIN
212,0.9184,0.7426,0.5652,0.9705,True,0.8142,UNCERTAIN
213,0.5706,0.6181,0.7541,0.857,True,0.6764,UNCERTAIN
214,0.4525,0.2614,0.0365,0.4583,False,0.3227,UNCERTAIN
215,0.134,0.2664,0.1656,0.2516,False,0.1969,PASS
216,0.2834,0.309,0.064,0.0836,False,0.2059,PASS
217,0.0,0.1498,0.3065,0.0559,False,0.1099,PASS
218,0.0949,0.4557,0.0,0.2689,False,0.2009,PASS
219,0.8226,0.5033,0.7596,0.7199,True,0.7096,UNCERTAIN
220,0.1891,0.2633,0.0883,0.3735,False,0.2244,PASS
221,1.0,0.6812,0.6693,0.8067,True,0.8155,UNCERTAIN
222,0.4505,0.3508,0.1341,0.0,False,0.2722,PASS
223,0.2537,0.1717,0.2293,0.5199,False,0.2816,PASS
224,0.0612,0.0,0.4,0.2229,False,0.146,PASS
225,0.3947,0.1944,0.2442,0.044,False,0.2444,PASS
226,0.0,0.1845,0.2787,0.0,False,0.1019,PASS
227,0.5253,0.3851,0.0232,0.2956,False,0.3439,UNCERTAIN
228,0.1061,0.0,0.1941,0.6528,False,0.2065,PASS
229,0.9184,0.1696,0.1012,0.3831,False,0.4607,UNCERTAIN
230,0.1627,0.2492,0.0254,0.7586,False,0.2761,PASS
231,0.2796,0.2263,0.0938,0.385,False,0.2502,PASS
232,0.0541,0.4209,0.1032,0.0272,False,0.1502,PASS
233,0.3747,0.4802,0.1259,0.2404,False,0.3245,UNCERTAIN
234,0.0,0.0287,0.2667,0.3218,False,0.1249,PASS
235,0.1727,0.2953,0.2038,0.1027,False,0.1955,PASS
236,0.0334,0.1057,0.4267,0.4632,False,0.2161,PASS
237,0.8074,0.7021,0.7166,0.8188,True,0.7652,UNCERTAIN
238,0.9412,0.7124,0.6834,0.626,True,0.7694,UNCERTAIN
239,0.3967,0.3193,0.2848,0.4334,False,0.3623,UNCERTAIN
240,0.2645,0.4522,0.0201,0.0,False,0.2096,PASS
241,0.7294,0.9536,0.8393,0.8093,True,0.8234,UNCERTAIN
242,0.3452,0.6777,0.2467,0.0,False,0.3396,UNCERTAIN
243,0.2077,0.3926,0.2321,0.3309,False,0.2834,PASS
244,0.729,0.1565,0.2682,0.0368,False,0.3552,UNCERTAIN
245,0.0897,0.1436,0.3575,0.4413,False,0.2271,PASS
246,0.3679,0.0731,0.4677,0.2145,False,0.2835,PASS
247,1.0,0.4472,0.7638,0.8795,True,0.7905,UNCERTAIN
248,0.2718,0.4276,0.0381,0.4198,False,0.2936,PASS
249,0.6234,0.664,0.7305,0.9214,True,0.7146,UNCERTAIN
250,0.131,0.2457,0.2496,0.4506,False,0.2473,PASS
251,0.1795,0.3389,0.0,0.3214,False,0.2118,PASS
252,0.3537,0.0,0.2142,0.2415,False,0.2149,PASS
253,0.3854,0.3639,0.2479,0.3773,False,0.3509,UNCERTAIN
254,0.0367,0.365,0.2118,0.4832,False,0.2431,PASS
255,0.0,0.0,0.0061,0.1621,False,0.0336,PASS
256,0.2303,0.1725,0.096,0.0158,False,0.1461,PASS
257,0.7872,0.13,0.0,0.0947,False,0.3269,UNCERTAIN
258,0.1553,0.0317,0.5255,0.1152,False,0.1904,PASS
259,0.7442,0.1363,0.0192,0.2438,False,0.3471,UNCERTAIN
260,0.5804,0.4861,0.6364,0.6643,True,0.5848,UNCERTAIN
261,0.2347,0.4621,0.2877,0.3263,False,0.3205,UNCERTAIN
262,0.1504,0.1088,0.0381,0.2646,False,0.1404,PASS
263,0.5763,0.0397,0.6531,0.3133,False,0.4049,UNCERTAIN
264,0.3305,0.8195,0.9565,0.7126,True,0.6544,UNCERTAIN
265,0.411,0.169,0.4218,0.2539,False,0.3212,UNCERTAIN
266,0.8143,0.7173,0.8942,0.4952,True,0.7422,UNCERTAIN
267,0.0087,0.2278,0.0,0.1586,False,0.0917,PASS
268,0.3357,0.4269,0.4328,0.0882,False,0.3284,UNCERTAIN
269,0.7378,0.4653,0.0685,0.534,True,0.4951,UNCERTAIN
270,0.7913,0.8874,0.8491,0.7152,True,0.8117,UNCERTAIN
271,0.0009,0.0932,0.1561,0.5517,False,0.1652,PASS
272,0.8472,0.884,0.611,0.6533,True,0.7704,UNCERTAIN
273,0.6797,0.6311,1.0,0.2064,True,0.637,UNCERTAIN
274,0.7918,0.8314,0.6422,0.7315,True,0.7597,UNCERTAIN
275,0.2008,0.2604,0.1727,0.1595,False,0.2018,PASS
276,0.8618,0.8856,0.819,0.7402,True,0.8349,UNCERTAIN
277,0.9028,0.9493,1.0,0.645,True,0.8823,TARGET
278,0.265,0.3156,0.002,0.1575,False,0.2036,PASS
279,0.0985,0.1744,0.0,0.4738,False,0.1728,PASS
280,0.8915,0.8337,1.0,0.583,True,0.8371,UNCERTAIN
281,0.0979,0.5007,0.3371,0.3515,False,0.2972,PASS
282,0.2194,0.0741,0.1861,0.3409,False,0.2007,PASS
283,0.1706,0.3208,0.6238,0.4489,False,0.3544,UNCERTAIN
284,0.6866,0.8105,0.6413,0.6249,True,0.6962,UNCERTAIN
285,0.7128,0.628,0.5169,0.9227,True,0.6944,UNCERTAIN
286,0.9354,0.9735,0.7376,0.6847,True,0.8553,TARGET
287,0.6745,0.8726,0.7942,0.6469,True,0.7425,UNCERTAIN
288,0.8668,0.6975,0.589,0.5904,True,0.7136,UNCERTAIN
289,0.637,0.7372,1.0,0.5648,True,0.7202,UNCERTAIN
290,0.2457,0.3018,0.0,0.0,False,0.1614,PASS
291,0.2796,0.31,0.0,0.2706,False,0.2294,PASS
292,0.3932,0.4842,0.0025,0.6935,False,0.3979,UNCERTAIN
293,0.5718,0.1095,0.0,0.4846,False,0.3244,UNCERTAIN
294,0.9194,0.7817,0.7143,0.5414,True,0.7684,UNCERTAIN
295,0.1885,0.0392,0.2642,0.1486,False,0.1584,PASS
296,0.0668,0.0,0.1683,0.0552,False,0.0681,PASS
297,0.3156,0.154,0.0698,0.115,False,0.1859,PASS
298,0.5949,1.0,0.4631,0.6748,True,0.6858,UNCERTAIN
299,0.7425,0.8378,1.0,0.7608,True,0.8215,UNCERTAIN
300,0.1684,0.1558,0.0133,0.2226,False,0.145,PASS
301,0.4935,0.8403,1.0,0.8365,True,0.7501,UNCERTAIN
302,0.6072,0.3277,0.3777,0.1709,False,0.4042,UNCERTAIN
303,0.1538,0.4527,0.0,0.5146,False,0.27,PASS
304,0.2894,0.167,0.241,0.2376,False,0.2387,PASS
305,0.628,0.5296,0.5527,0.7027,True,0.6033,UNCERTAIN
306,0.188,0.4475,0.3091,0.2963,False,0.2988,PASS
307,0.4752,0.3255,0.4358,0.3667,False,0.4082,UNCERTAIN
308,1.0,1.0,0.8565,0.6195,True,0.8952,TARGET
309,0.32,0.5882,0.4517,0.0,False,0.3494,UNCERTAIN
310,0.8398,0.68,0.6774,0.7626,True,0.7519,UNCERTAIN
311,0.7155,0.8134,0.6176,0.2905,True,0.6354,UNCERTAIN
312,0.7936,0.8204,0.5051,0.7033,True,0.7246,UNCERTAIN
313,0.238,0.3567,0.0,0.4729,False,0.2671,PASS
314,0.6848,0.6579,0.5135,0.7654,True,0.6599,UNCERTAIN
315,0.3196,0.2799,0.0,0.1217,False,0.2062,PASS
316,0.3019,0.3719,0.5853,0.2656,False,0.3688,UNCERTAIN
317,0.6976,0.3878,0.7411,0.6548,True,0.6203,UNCERTAIN
318,0.8897,0.7374,0.6311,0.773,True,0.7766,UNCERTAIN
319,0.3845,0.39,0.3015,0.0,False,0.2924,PASS
320,0.5093,0.2306,0.0,0.1002,False,0.256,PASS
321,0.7839,0.8557,1.0,0.4465,True,0.7776,UNCERTAIN
322,0.3065,0.1579,0.2012,0.8562,False,0.3582,UNCERTAIN
323,0.8255,0.6538,0.7749,0.4182,True,0.691,UNCERTAIN
324,0.263,0.0,0.0,0.6603,False,0.2241,PASS
325,0.1059,0.2126,0.2881,0.2537,False,0.1986,PASS
326,0.3058,0.0306,0.2403,0.4853,False,0.2598,PASS
327,0.1342,0.3845,0.0886,0.224,False,0.2056,PASS
328,0.3367,0.504,0.4162,0.6403,False,0.4551,UNCERTAIN
329,0.4329,0.4209,0.343,0.1898,False,0.3633,UNCERTAIN
330,0.5483,0.0424,0.2556,0.0,False,0.2536,PASS
331,0.3791,0.3442,0.1576,0.3511,False,0.3205,UNCERTAIN
332,0.5198,0.0,0.1221,0.2901,False,0.2644,PASS
333,0.7888,0.6094,1.0,0.5874,True,0.7459,UNCERTAIN
334,0.4413,0.345,0.1393,0.6059,False,0.3898,UNCERTAIN
335,0.794,0.8292,0.6674,0.3631,True,0.6913,UNCERTAIN
336,0.5353,0.6823,0.8329,0.7821,True,0.6809,UNCERTAIN
337,0.8586,0.5156,0.6819,0.7746,True,0.7207,UNCERTAIN
338,0.4376,0.8684,0.6693,0.534,True,0.6109,UNCERTAIN
339,0.8845,0.7348,0.7792,0.6474,True,0.7786,UNCERTAIN
340,0.4629,0.5653,0.1651,0.3342,False,0.4032,UNCERTAIN
341,0.8017,0.6046,0.9237,0.2744,True,0.6714,UNCERTAIN
342,0.0,0.2737,0.0,0.0,False,0.0684,PASS
343,0.626,0.1459,0.3688,0.0621,False,0.3418,UNCERTAIN
344,0.7352,1.0,0.7511,0.4276,True,0.7431,UNCERTAIN
345,0.4628,0.2889,0.4261,0.4371,False,0.4069,UNCERTAIN
346,0.2379,0.0081,0.1621,0.083,False,0.1343,PASS
347,0.4526,0.1106,0.3566,0.4047,False,0.3383,UNCERTAIN
348,0.2168,0.205,0.1718,0.2898,False,0.2195,PASS
349,0.2033,0.3445,0.3726,0.4784,False,0.3275,UNCERTAIN
350,0.7739,0.7761,0.7015,0.7669,True,0.7586,UNCERTAIN
351,0.0121,0.3422,0.1161,0.4764,False,0.2083,PASS
352,0.0987,0.2762,0.3528,0.1718,False,0.2085,PASS
353,0.2548,0.5282,0.2312,0.0,False,0.2675,PASS
354,0.3426,0.0492,0.2624,0.1877,False,0.2222,PASS
355,0.8488,0.7026,0.8878,0.6301,True,0.7763,UNCERTAIN
356,0.4375,0.5535,0.0,0.3219,False,0.3559,UNCERTAIN
357,0.6975,1.0,0.5429,0.8651,True,0.7757,UNCERTAIN
358,0.2937,0.1095,0.1662,0.3474,False,0.2329,PASS
359,0.2406,0.4907,0.0,0.1795,False,0.2428,PASS
360,0.2536,0.8128,0.0,0.3681,False,0.3656,UNCERTAIN
361,0.256,0.1426,0.1829,0.0006,False,0.1619,PASS
362,0.0832,0.403,0.1205,0.5326,False,0.2605,PASS
363,0.4547,0.4117,0.1258,0.0863,False,0.3045,UNCERTAIN
364,0.2787,0.3433,0.3505,0.2306,False,0.2996,PASS
365,0.6527,0.8868,0.6865,0.7043,True,0.7283,UNCERTAIN
366,0.8449,0.434,0.3309,1.0,True,0.6704,UNCERTAIN
367,0.2876,0.2895,0.2385,0.3885,False,0.2984,PASS
368,0.3384,0.2932,0.1625,0.1555,False,0.2553,PASS
369,0.3697,0.2383,0.1445,0.2316,False,0.2642,PASS
370,0.0708,0.4166,0.3363,0.2508,False,0.2464,PASS
371,0.2469,0.0796,0.3449,0.2479,False,0.2249,PASS
372,0.1323,0.28,0.2793,0.0992,False,0.192,PASS
373,0.3844,0.3591,0.547,0.3616,False,0.4061,UNCERTAIN
374,0.7259,0.5924,0.9013,0.6963,True,0.7217,UNCERTAIN
375,0.3317,0.8517,0.0,0.5181,False,0.4326,UNCERTAIN
376,0.1618,0.1963,0.0376,0.2974,False,0.1727,PASS
377,0.3209,0.5907,0.4995,0.3447,False,0.4289,UNCERTAIN
378,0.8645,0.8012,0.9536,0.749,True,0.8434,UNCERTAIN
379,0.5173,0.2794,0.0,0.2791,False,0.3067,UNCERTAIN
380,0.9931,0.6713,0.8137,0.8689,True,0.8519,TARGET
381,0.3494,0.4248,0.1985,0.2192,False,0.312,UNCERTAIN
382,0.5843,0.1875,0.1796,0.0,False,0.2873,PASS
383,0.7737,0.507,0.8166,0.7939,True,0.7197,UNCERTAIN
384,0.2253,0.2353,0.2915,0.129,False,0.2218,PASS
385,0.1504,0.2219,0.4809,0.3046,False,0.2652,PASS
386,0.83,0.6913,0.8192,0.5566,True,0.7385,UNCERTAIN
387,0.0092,0.4994,0.2002,0.204,False,0.2089,PASS
388,0.315,0.139,0.2419,0.3114,False,0.2556,PASS
389,0.5414,0.3434,0.4281,0.4959,False,0.4601,UNCERTAIN
390,0.9324,0.6573,0.5184,0.4918,True,0.6927,UNCERTAIN
391,0.4415,0.2069,0.0994,0.3299,False,0.2921,PASS
392,0.0937,0.1684,0.0,0.2453,False,0.1239,PASS
393,0.6122,0.5259,0.5143,1.0,True,0.6486,UNCERTAIN
394,0.7429,0.8349,0.4962,0.8455,True,0.7371,UNCERTAIN
395,0.6019,0.9605,1.0,0.6568,True,0.7822,UNCERTAIN
396,0.1868,0.0594,0.2405,0.1976,False,0.1678,PASS
397,0.3111,0.084,0.6334,0.2794,False,0.3124,UNCERTAIN
398,0.3042,0.0,0.3868,0.0,False,0.1838,PASS
399,0.0538,0.4459,0.3628,0.4165,False,0.2862,PASS
400,0.6328,0.6512,0.5131,0.4691,True,0.5808,UNCERTAIN
401,0.4146,0.3141,0.0,0.0,False,0.2236,PASS
402,0.1253,0.441,0.0263,0.1051,False,0.1804,PASS
403,0.2562,0.3279,0.1816,0.5,False,0.308,UNCERTAIN
404,0.7327,0.7514,0.7868,0.7936,True,0.7604,UNCERTAIN
405,0.7749,0.8005,0.8352,0.6086,True,0.7601,UNCERTAIN
406,0.217,0.0,0.0452,0.3865,False,0.1623,PASS
407,0.3663,0.0,0.3166,0.4063,False,0.2728,PASS
408,0.1459,0.0,0.3354,0.4756,False,0.2132,PASS
409,0.9538,0.6577,0.6661,0.603,True,0.7521,UNCERTAIN
410,0.1718,0.4184,0.6309,0.0056,False,0.292,PASS
411,0.0716,0.2413,0.2892,0.4721,False,0.2376,PASS
412,0.1635,0.3545,0.2114,0.4438,False,0.2769,PASS
413,0.5349,0.2999,0.0594,0.3798,False,0.35,UNCERTAIN
414,0.4434,0.2871,0.3419,0.1174,False,0.3188,UNCERTAIN
415,0.2382,0.2545,0.5957,0.4178,False,0.3497,UNCERTAIN
416,0.6124,0.2588,0.4861,0.1489,False,0.4061,UNCERTAIN
417,0.4583,0.0,0.1425,0.4574,False,0.2804,PASS
418,0.6592,0.7795,0.7178,0.6114,True,0.6915,UNCERTAIN
419,0.6809,0.6991,0.5805,0.5138,True,0.6319,UNCERTAIN
420,0.0,0.6904,0.5281,0.2707,False,0.3324,UNCERTAIN
421,0.1223,0.1067,0.1262,0.129,False,0.1205,PASS
422,0.3154,0.0,0.168,0.1267,False,0.1693,PASS
423,0.1489,0.4989,0.0,0.2956,False,0.236,PASS
424,0.2168,0.0872,0.3279,0.2681,False,0.2169,PASS
425,0.7272,0.7916,0.9347,0.5934,True,0.758,UNCERTAIN
426,1.0,0.5828,1.0,0.9853,True,0.8928,TARGET
427,0.2474,0.1326,0.0,0.2205,False,0.1638,PASS
428,0.3621,0.4559,0.0,0.5299,False,0.3467,UNCERTAIN
429,0.1107,0.306,0.4159,0.2999,False,0.2584,PASS
430,0.6436,0.7473,0.7947,0.6989,True,0.7108,UNCERTAIN
431,0.1232,0.3923,0.0,0.0119,False,0.1436,PASS
432,0.4216,0.2001,0.0545,0.1665,False,0.2418,PASS
433,0.2891,0.1757,0.039,0.6039,False,0.2737,PASS
434,0.4695,0.1378,0.3468,0.4314,False,0.3544,UNCERTAIN
435,1.0,0.673,0.7196,0.8719,True,0.8366,UNCERTAIN
436,0.0,0.2897,0.1113,0.1105,False,0.1168,PASS
437,0.2558,0.1536,0.0638,0.3163,False,0.204,PASS
438,0.0327,0.3787,0.4769,0.3346,False,0.2684,PASS
439,0.1843,0.4609,0.0958,0.1582,False,0.2306,PASS
440,0.7823,0.9492,0.9751,0.9676,True,0.8997,TARGET
441,0.8251,0.9009,0.7254,0.5796,True,0.775,UNCERTAIN
442,0.9748,1.0,1.0,0.4263,True,0.8764,TARGET
443,0.4444,0.3845,0.1967,0.1314,False,0.3173,UNCERTAIN
444,0.3574,0.3273,0.1622,0.4613,False,0.3316,UNCERTAIN
445,0.5457,0.1992,0.1407,0.0,False,0.2689,PASS
446,0.1617,0.1169,0.4358,0.4399,False,0.2609,PASS
447,0.1558,0.1301,0.1619,0.4494,False,0.2093,PASS
448,0.8121,0.7799,0.9706,0.6897,True,0.8113,UNCERTAIN
449,1.0,0.6024,0.7352,0.6192,True,0.7715,UNCERTAIN
450,0.1399,0.3607,0.1426,0.2089,False,0.2094,PASS
451,0.1041,0.2977,0.0225,0.3111,False,0.1776,PASS
452,0.0466,0.3858,0.1446,0.0,False,0.1417,PASS
453,0.6351,0.3511,0.5875,0.218,False,0.4711,UNCERTAIN
454,0.8296,0.5284,0.5498,0.5836,True,0.6491,UNCERTAIN
455,0.2343,0.2005,0.0,0.271,False,0.1863,PASS
456,0.1187,0.32,0.2222,0.7847,False,0.3229,UNCERTAIN
457,0.2071,0.0646,0.185,0.4056,False,0.2068,PASS
458,0.3297,0.3906,0.1048,0.4045,False,0.3149,UNCERTAIN
459,0.7376,0.8693,0.9854,1.0,True,0.8726,TARGET
460,0.0,0.4595,0.1201,0.4107,False,0.221,PASS
461,0.198,0.3445,0.0,0.1569,False,0.1868,PASS
462,0.3987,0.591,0.2561,0.0,False,0.3385,UNCERTAIN
463,0.9074,0.6495,0.9062,0.4365,True,0.7485,UNCERTAIN
464,0.4451,0.3169,0.3135,0.1599,False,0.3297,UNCERTAIN
465,0.9329,0.5113,0.6784,0.9413,True,0.7783,UNCERTAIN
466,0.0,0.44,0.0,0.3394,False,0.1779,PASS
467,0.7203,0.6887,0.5532,0.6241,True,0.6597,UNCERTAIN
468,1.0,0.5134,0.8739,0.5814,True,0.7694,UNCERTAIN
469,0.3284,0.3846,0.0544,0.1504,False,0.2521,PASS
470,0.1346,0.3109,0.4393,0.3062,False,0.2739,PASS
471,0.8799,0.6847,0.8365,0.7273,True,0.7919,UNCERTAIN
472,0.5469,0.0123,0.1838,0.0289,False,0.237,PASS
473,0.1932,0.2673,0.0364,0.2485,False,0.1914,PASS
474,0.3267,0.3658,0.3443,0.4255,False,0.3597,UNCERTAIN
475,0.4911,0.2277,0.0,0.3304,False,0.2949,PASS
476,0.6865,0.9901,0.7384,0.3923,True,0.7139,UNCERTAIN
477,0.8895,0.7264,0.8492,0.8029,True,0.8234,UNCERTAIN
478,0.1818,0.4238,0.2498,0.1105,False,0.2416,PASS
479,0.1889,0.3495,0.5867,0.2192,False,0.3147,UNCERTAIN
480,0.2131,0.3191,0.0,0.2722,False,0.2088,PASS
481,0.6902,0.724,0.46,0.7382,True,0.6622,UNCERTAIN
482,0.1004,0.0,0.1405,0.0102,False,0.0653,PASS
483,0.0226,0.1389,0.1874,0.2369,False,0.1275,PASS
484,0.2995,0.5742,0.2448,0.2417,False,0.3457,UNCERTAIN
485,0.3824,0.4544,0.245,0.4181,False,0.38,UNCERTAIN
486,0.0614,0.5274,0.1498,0.3299,False,0.2493,PASS
487,0.6372,0.6924,0.8317,0.7226,True,0.707,UNCERTAIN
488,0.3548,0.0512,0.2997,0.2867,False,0.2542,PASS
489,0.6687,0.8594,0.5782,0.7953,True,0.7236,UNCERTAIN
490,0.2224,0.1841,0.0,0.246,False,0.1731,PASS
491,0.5474,0.4816,0.4727,0.2462,False,0.4557,UNCERTAIN
492,0.7336,0.6572,0.7359,0.507,True,0.6697,UNCERTAIN
493,0.4098,0.1593,0.2212,0.6729,False,0.3621,UNCERTAIN
494,0.3494,0.5445,0.2511,0.5056,False,0.4097,UNCERTAIN
495,0.3597,0.5826,0.2681,0.2091,False,0.367,UNCERTAIN
496,0.2172,0.3477,0.0,0.482,False,0.2593,PASS
497,0.529,0.7013,1.0,0.674,True,0.6952,UNCERTAIN
498,0.1626,0.154,0.5751,0.097,False,0.2298,PASS
499,0.697,0.8455,0.682,0.7588,True,0.7435,UNCERTAIN
500,0.3438,0.3046,0.2182,0.0994,False,0.26,PASS
501,1.0,0.6809,0.6022,0.5671,True,0.7541,UNCERTAIN
502,0.039,0.1269,0.141,0.1969,False,0.1129,PASS
503,0.5815,0.4228,0.4499,0.2806,False,0.4553,UNCERTAIN
504,0.1443,0.2155,0.6327,0.3976,False,0.3104,UNCERTAIN
505,0.5612,0.5078,0.3422,0.1812,False,0.4281,UNCERTAIN
506,0.2584,0.4322,0.5331,0.5444,False,0.414,UNCERTAIN
507,0.4034,0.3938,0.455,0.2141,False,0.3735,UNCERTAIN
508,0.1978,0.0,0.3141,0.1838,False,0.1688,PASS
509,0.9522,0.6922,0.8978,0.6498,True,0.8159,UNCERTAIN
510,0.0986,0.1562,0.0743,0.4537,False,0.1792,PASS
511,0.112,0.4826,0.0,0.2808,False,0.216,PASS
512,0.7875,0.7168,0.8273,0.3343,True,0.6871,UNCERTAIN
513,0.9434,0.8772,0.6299,0.7337,True,0.8222,UNCERTAIN
514,0.4023,0.0931,0.4916,0.085,False,0.2794,PASS
515,0.0902,0.1507,0.2807,0.206,False,0.1666,PASS
516,0.042,0.3166,0.0064,0.5466,False,0.2044,PASS
517,0.2462,0.1805,0.1061,0.547,False,0.2619,PASS
518,0.0733,0.165,0.258,0.3293,False,0.1844,PASS
519,0.4184,0.4906,0.1908,0.4723,False,0.4017,UNCERTAIN
520,0.1359,0.0,0.2523,0.214,False,0.1408,PASS
521,0.5057,0.1829,0.2246,0.4052,False,0.3487,UNCERTAIN
522,0.0,0.212,0.5449,0.3817,False,0.2383,PASS
523,0.2558,0.7131,0.4372,0.2593,False,0.4071,UNCERTAIN
524,0.4302,0.3963,0.1023,0.1285,False,0.2958,PASS
525,0.1851,0.2556,0.0,0.3673,False,0.2021,PASS
526,0.7265,0.9787,0.9227,0.8532,True,0.8541,TARGET
527,0.2488,0.3501,0.3163,0.3271,False,0.3033,UNCERTAIN
528,0.2988,0.4402,0.0,0.3877,False,0.2922,PASS
529,0.229,0.423,0.1759,0.5188,False,0.3249,UNCERTAIN
530,0.2213,0.4072,0.2175,0.116,False,0.2459,PASS
531,0.8964,0.8949,0.9466,0.6182,True,0.8504,TARGET
532,1.0,0.8022,0.6406,0.9451,True,0.8677,TARGET
533,0.2771,0.1322,0.7669,0.3418,False,0.3518,UNCERTAIN
534,0.3265,0.0,0.3703,0.3591,False,0.2602,PASS
535,0.3041,0.1789,0.4616,0.3508,False,0.3137,UNCERTAIN
536,0.3519,0.1875,0.301,0.3317,False,0.2966,PASS
537,0.1796,0.1069,0.0,0.1516,False,0.1199,PASS
538,0.348,0.5739,0.3523,0.1033,False,0.3564,UNCERTAIN
539,0.2133,0.595,0.2758,0.2586,False,0.3303,UNCERTAIN
540,0.7545,0.6277,0.7768,0.6226,True,0.7009,UNCERTAIN
541,0.3409,0.0947,0.2211,0.4509,False,0.2774,PASS
542,0.1192,0.0439,0.3667,0.1914,False,0.1643,PASS
543,0.0974,0.2219,0.1272,0.2675,False,0.1685,PASS
544,0.5412,0.4613,0.3912,0.1795,False,0.4189,UNCERTAIN
545,0.1627,0.1805,0.0,0.2114,False,0.1444,PASS
546,0.9692,0.6669,0.6429,0.3354,True,0.7016,UNCERTAIN
547,0.1331,0.4019,0.1324,0.2914,False,0.2318,PASS
548,0.1528,0.2139,0.1354,0.3726,False,0.2086,PASS
549,0.3251,0.3242,0.557,0.3826,False,0.3828,UNCERTAIN
550,0.2024,0.1478,0.0,0.0,False,0.1078,PASS
551,1.0,1.0,0.4756,0.8038,True,0.8559,TARGET
552,0.7181,0.5196,0.5823,0.7146,True,0.6406,UNCERTAIN
553,0.0,0.4298,0.1715,0.4487,False,0.2315,PASS
554,0.2586,0.1761,0.0112,0.0827,False,0.1533,PASS
555,0.6396,0.896,0.447,0.8655,True,0.7104,UNCERTAIN
556,0.25,0.4271,0.436,0.0216,False,0.2858,PASS
557,0.4328,0.0,0.2554,0.1751,False,0.2376,PASS
558,0.1393,0.1934,0.0,0.3708,False,0.1712,PASS
559,0.7479,0.5756,1.0,0.7084,True,0.7473,UNCERTAIN
560,0.3468,0.2731,0.0,0.2172,False,0.2331,PASS
561,0.0,0.1227,0.1742,0.0941,False,0.0843,PASS
562,0.6894,0.6012,0.5151,0.8056,True,0.6557,UNCERTAIN
563,0.2521,0.4918,0.2472,0.1634,False,0.2933,PASS
564,0.1174,0.2826,0.1075,0.3611,False,0.2055,PASS
565,0.335,0.5845,0.1072,0.2325,False,0.3313,UNCERTAIN
566,0.136,0.4505,0.0,0.5886,False,0.278,PASS
567,0.4168,0.5478,0.0071,0.2446,False,0.3332,UNCERTAIN
568,0.058,0.4799,0.4336,0.1268,False,0.2524,PASS
569,0.2676,0.2821,0.2658,0.1998,False,0.2573,PASS
570,0.7897,0.5153,0.8716,0.7433,True,0.7282,UNCERTAIN
571,0.2738,0.5265,0.2018,0.4493,False,0.3577,UNCERTAIN
572,0.2983,0.2124,0.0,0.2816,False,0.2138,PASS
573,0.2635,0.1089,0.0,0.177,False,0.1548,PASS
574,0.7524,0.5645,0.5438,0.6391,True,0.6411,UNCERTAIN
575,0.8376,0.8147,0.5739,0.6592,True,0.7434,UNCERTAIN
576,0.4356,0.2456,0.4707,0.1683,False,0.3417,UNCERTAIN
577,0.7675,0.7166,0.7168,0.654,True,0.7219,UNCERTAIN
578,0.0,0.2199,0.2052,0.213,False,0.1386,PASS
579,0.1109,0.2189,0.3657,0.0555,False,0.1778,PASS
580,0.0,0.6376,0.3058,0.2412,False,0.2688,PASS
581,0.0093,0.6079,0.3701,0.2568,False,0.2806,PASS
582,0.9759,0.6251,0.9551,0.7505,True,0.839,UNCERTAIN
583,0.2917,0.0,0.2101,0.7405,False,0.2922,PASS
584,0.3809,0.2164,0.4965,0.2568,False,0.3381,UNCERTAIN
585,0.2741,0.1561,0.2263,0.1803,False,0.2163,PASS
586,0.1461,0.1284,0.2305,0.4963,False,0.2286,PASS
587,0.8118,0.596,0.4054,0.9959,True,0.7134,UNCERTAIN
588,0.007,0.0951,0.3879,0.0662,False,0.117,PASS
589,0.4258,0.0,0.3298,0.1431,False,0.2436,PASS
590,0.4313,0.2204,0.0,0.5237,False,0.3108,UNCERTAIN
591,0.5023,0.224,0.2511,0.0233,False,0.2867,PASS
592,0.4934,0.2551,0.3827,0.2035,False,0.3537,UNCERTAIN
593,0.0095,0.0191,0.1964,0.6532,False,0.178,PASS
594,0.1083,0.4819,0.2681,0.5417,False,0.3204,UNCERTAIN
595,0.2571,0.0,0.2472,0.3539,False,0.2102,PASS
596,0.8877,0.6182,0.5334,0.8464,True,0.7412,UNCERTAIN
597,0.1856,0.271,0.5959,0.4433,False,0.3405,UNCERTAIN
598,0.1966,0.1098,0.4098,0.2258,False,0.2234,PASS
599,0.3446,0.2113,0.0799,0.091,False,0.2076,PASS
600,0.1587,0.288,0.3381,0.0,False,0.1951,PASS
601,0.6314,0.0,0.0,0.2948,False,0.2799,PASS
602,1.0,0.5934,0.6283,0.6227,True,0.7486,UNCERTAIN
603,0.1562,0.0162,0.2214,0.3429,False,0.1716,PASS
604,0.329,0.3087,0.6397,0.0,False,0.3203,UNCERTAIN
605,0.0,0.6177,0.4654,0.3664,False,0.3208,UNCERTAIN
606,0.3609,0.366,0.3857,0.3438,False,0.3637,UNCERTAIN
607,0.387,0.2803,0.5299,0.2017,False,0.3519,UNCERTAIN
608,0.8833,0.5806,0.9103,0.9048,True,0.8173,UNCERTAIN
609,0.7374,0.3622,0.7074,0.9728,True,0.6847,UNCERTAIN
610,0.5156,0.9479,0.9274,0.8379,True,0.7705,UNCERTAIN
611,0.0247,0.4185,0.0,0.1765,False,0.1486,PASS
612,0.6413,0.2725,0.0,0.2007,False,0.3327,UNCERTAIN
613,0.0,0.5,0.2756,0.0301,False,0.1861,PASS
614,0.2805,0.2369,0.0,0.1019,False,0.1778,PASS
615,0.5081,0.8272,0.6141,0.6844,True,0.6443,UNCERTAIN
616,0.2623,0.2928,0.2634,0.573,False,0.3323,UNCERTAIN
617,1.0,0.5551,0.4712,0.9496,True,0.7729,UNCERTAIN
618,0.3362,0.1031,0.2506,0.1942,False,0.2324,PASS
619,0.9316,0.6829,0.9562,0.7368,True,0.8354,UNCERTAIN
620,0.2205,0.2571,0.1809,0.1346,False,0.2046,PASS
621,0.1428,0.3052,0.1323,0.2533,False,0.2034,PASS
622,0.63,0.5293,0.7908,1.0,True,0.711,UNCERTAIN
623,0.2309,0.2627,0.2809,0.0,False,0.2027,PASS
624,0.2084,0.1906,0.0208,0.0379,False,0.1323,PASS
625,0.3498,0.0,0.0,0.2574,False,0.1739,PASS
626,0.9916,0.888,0.6745,0.9273,True,0.8894,TARGET
627,0.2744,0.2338,0.3801,0.473,False,0.3251,UNCERTAIN
628,0.6478,0.6164,0.7248,1.0,True,0.7258,UNCERTAIN
629,0.4915,0.2046,0.3439,0.1022,False,0.3124,UNCERTAIN
630,0.6533,0.6758,1.0,0.7896,True,0.7555,UNCERTAIN
631,0.6156,0.7607,0.8799,0.7023,True,0.7221,UNCERTAIN
632,0.0,0.3446,0.1738,0.5827,False,0.2374,PASS
633,0.3743,0.3733,0.1656,0.1539,False,0.2882,PASS
634,0.2548,0.3229,0.4311,0.272,False,0.3105,UNCERTAIN
635,0.1696,0.2748,0.3193,0.468,False,0.2855,PASS
636,0.8226,0.476,0.9732,0.4748,True,0.6965,UNCERTAIN
637,0.144,0.2518,0.0,0.3997,False,0.1933,PASS
638,0.4434,0.3131,0.2831,0.4476,False,0.3796,UNCERTAIN
639,0.2968,0.2436,0.0242,0.2756,False,0.2247,PASS
640,0.2374,0.1951,0.3755,0.2023,False,0.2474,PASS
641,0.8824,1.0,0.4584,0.906,True,0.8317,UNCERTAIN
642,0.2112,0.2137,0.1402,0.3704,False,0.2295,PASS
643,0.4304,0.268,0.9542,0.8367,True,0.5758,UNCERTAIN
644,0.6669,0.8843,0.5735,1.0,True,0.7692,UNCERTAIN
645,0.0962,0.0,0.4451,0.3042,False,0.1835,PASS
646,0.1854,0.3463,0.2838,0.3419,False,0.2766,PASS
647,0.3086,0.1393,0.3972,0.4141,False,0.3051,UNCERTAIN
648,0.106,0.6417,0.456,0.0937,False,0.3075,UNCERTAIN
649,0.0971,0.0057,0.2421,0.2718,False,0.1382,PASS
650,0.3534,0.0,0.2014,0.2238,False,0.2087,PASS
651,0.9463,0.8354,0.7868,0.6537,True,0.8282,UNCERTAIN
652,0.9328,0.8514,0.9366,0.8915,True,0.905,TARGET
653,0.1723,0.4086,0.3239,0.1705,False,0.2613,PASS
654,0.2404,0.0311,0.2068,0.1402,False,0.1613,PASS
655,0.4348,0.4868,0.3164,0.0428,False,0.3457,UNCERTAIN
656,0.4474,0.2979,0.2408,0.3198,False,0.3432,UNCERTAIN
657,0.1134,0.3733,0.431,0.0752,False,0.2343,PASS
658,0.6712,0.7292,1.0,0.7165,True,0.7605,UNCERTAIN
659,0.1909,0.3205,0.5197,0.5475,False,0.3604,UNCERTAIN
660,0.5217,0.3509,0.3696,0.3032,False,0.4049,UNCERTAIN
661,0.3617,0.0,0.2765,0.487,False,0.2793,PASS
662,0.5767,0.597,0.5636,0.8459,True,0.633,UNCERTAIN
663,0.1879,0.2852,0.2485,0.2279,False,0.2323,PASS
664,0.9475,0.7333,0.4288,0.6248,True,0.7257,UNCERTAIN
665,0.283,0.446,0.5157,0.0292,False,0.3195,UNCERTAIN
666,0.0483,0.2144,0.003,0.2744,False,0.126,PASS
667,0.7895,0.8189,0.8189,0.8284,True,0.8105,UNCERTAIN
668,0.3763,0.4363,0.8216,0.6431,True,0.5337,UNCERTAIN
669,0.2452,0.3187,0.1596,0.0,False,0.1974,PASS
670,0.6176,0.5816,0.8032,0.8505,True,0.6923,UNCERTAIN
671,0.8896,0.7305,0.5413,0.7038,True,0.743,UNCERTAIN
672,0.5706,0.3998,0.233,0.2441,False,0.3951,UNCERTAIN
673,0.1796,0.2516,0.2127,0.2804,False,0.2244,PASS
674,0.8696,0.994,0.7422,0.6486,True,0.831,UNCERTAIN
675,1.0,0.6619,0.8912,1.0,True,0.8937,TARGET
676,0.1365,0.5406,0.3476,0.604,False,0.3733,UNCERTAIN
677,0.357,0.4603,0.145,0.1783,False,0.3047,UNCERTAIN
678,0.3564,0.3875,0.3244,0.3259,False,0.3517,UNCERTAIN
679,0.5258,0.6568,0.4606,0.871,True,0.6145,UNCERTAIN
680,0.3216,0.7814,0.3023,0.5404,False,0.4765,UNCERTAIN
681,0.1888,0.2776,0.2805,0.2962,False,0.2508,PASS
682,0.0929,0.3028,0.563,0.0399,False,0.2288,PASS
683,0.9654,0.9083,0.695,0.904,True,0.8848,TARGET
684,0.6412,0.3339,0.3524,0.0,False,0.3784,UNCERTAIN
685,0.8058,0.7994,0.6173,0.685,True,0.7424,UNCERTAIN
686,0.0414,0.18,0.3051,0.3928,False,0.1991,PASS
687,0.1494,0.3382,0.4892,0.401,False,0.3149,UNCERTAIN
688,0.4594,0.3507,0.0861,0.2367,False,0.313,UNCERTAIN
689,0.1194,0.236,0.0,0.4432,False,0.1894,PASS
690,0.1829,0.2157,0.4407,0.2946,False,0.265,PASS
691,0.1564,0.1501,0.4815,0.027,False,0.194,PASS
692,0.0,0.1173,0.0,0.0992,False,0.0492,PASS
693,0.2409,0.6152,0.1738,0.6207,False,0.397,UNCERTAIN
694,0.4028,0.2452,0.1049,0.0459,False,0.2324,PASS
695,0.3924,0.2769,0.2171,0.317,False,0.3134,UNCERTAIN
696,0.337,0.0,0.1608,0.0,False,0.1501,PASS
697,0.6498,0.4454,0.7356,0.6929,True,0.6245,UNCERTAIN
698,0.2864,0.3031,0.2327,0.4203,False,0.3066,UNCERTAIN
699,0.7418,0.7302,0.7545,0.7112,True,0.7353,UNCERTAIN
700,0.7343,0.7644,0.6189,0.8673,True,0.7453,UNCERTAIN
701,0.0193,0.3071,0.0,0.1362,False,0.1108,PASS
702,0.1415,0.4242,0.0,0.1127,False,0.1781,PASS
703,0.0786,0.3713,0.1044,0.1589,False,0.173,PASS
704,0.3605,0.1038,0.0962,0.0802,False,0.1874,PASS
705,0.879,0.7243,0.5692,0.696,True,0.7418,UNCERTAIN
706,0.9077,0.6867,1.0,0.899,True,0.8692,TARGET
707,0.7967,0.366,0.8448,0.6755,True,0.6744,UNCERTAIN
708,0.9757,0.7996,0.5387,0.4215,True,0.7334,UNCERTAIN
709,0.3254,0.3292,0.5294,0.2518,False,0.3524,UNCERTAIN
710,0.1801,0.2218,0.6007,0.1689,False,0.2724,PASS
711,0.0899,0.3903,0.0607,0.5428,False,0.2497,PASS
712,0.1708,0.2794,0.411,0.2892,False,0.2697,PASS
713,0.0059,0.3944,0.2611,0.1805,False,0.189,PASS
714,0.8746,0.5649,0.5519,0.7724,True,0.7122,UNCERTAIN
715,0.3048,0.4414,0.0,0.1959,False,0.2562,PASS
716,0.8682,0.8551,0.5776,0.5131,True,0.7358,UNCERTAIN
717,0.2411,0.1281,0.0,0.1589,False,0.1482,PASS
718,1.0,0.4231,0.9273,0.5938,True,0.76,UNCERTAIN
719,0.9663,0.9875,0.6311,0.498,True,0.8109,UNCERTAIN
720,0.0,0.3854,0.226,0.391,False,0.2197,PASS
721,0.9197,0.7674,1.0,0.5151,True,0.8168,UNCERTAIN
722,0.3364,0.2043,0.1317,0.2901,False,0.2531,PASS
723,0.3026,0.1626,0.3318,0.1872,False,0.2504,PASS
724,0.5044,0.2418,0.1371,0.3092,False,0.3263,UNCERTAIN
725,0.3082,0.1774,0.3532,0.3542,False,0.2937,PASS
726,0.1628,0.2607,0.3672,0.0604,False,0.2077,PASS
727,0.0464,0.313,0.3802,0.4673,False,0.264,PASS
728,0.5505,0.0,0.3547,0.1144,False,0.2865,PASS
729,0.1031,0.0452,0.3023,0.4876,False,0.2053,PASS
730,0.7889,0.8012,0.852,0.8406,True,0.8149,UNCERTAIN
731,0.3276,0.3608,0.1667,0.2856,False,0.2953,PASS
732,0.507,0.5896,0.0,0.3606,False,0.397,UNCERTAIN
733,0.915,0.5908,1.0,0.9044,True,0.8488,UNCERTAIN
734,0.063,0.3296,0.2954,0.2911,False,0.2217,PASS
735,0.649,0.8172,0.2834,0.5177,True,0.5917,UNCERTAIN
736,0.5458,0.0,0.4784,0.1198,False,0.3107,UNCERTAIN
737,0.4846,0.3445,0.2314,0.0,False,0.302,UNCERTAIN
738,0.6707,0.0,0.218,0.0204,False,0.2824,PASS
739,0.2767,0.1369,0.2881,0.3864,False,0.266,PASS
740,0.6075,0.3,0.239,0.2197,False,0.3794,UNCERTAIN
741,0.1606,0.1149,0.2031,0.1873,False,0.163,PASS
742,0.2511,0.0,0.0315,0.0844,False,0.1111,PASS
743,0.0551,0.2492,0.1975,0.4195,False,0.205,PASS
744,0.5579,0.5787,0.5047,0.6565,True,0.5722,UNCERTAIN
745,0.9437,0.5778,0.8304,0.824,True,0.8056,UNCERTAIN
746,0.5008,0.1433,0.251,0.1805,False,0.2974,PASS
747,0.3293,0.2486,0.2691,0.0636,False,0.244,PASS
748,0.1065,0.5633,0.3066,0.1471,False,0.2688,PASS
749,0.4566,0.3611,0.3863,0.0,False,0.3273,UNCERTAIN
750,0.0366,0.0,0.1584,0.1266,False,0.0698,PASS
751,0.2684,0.3111,0.5021,0.4306,False,0.3582,UNCERTAIN
752,0.0777,0.2555,0.2486,0.2296,False,0.1867,PASS
753,1.0,0.8757,0.8132,0.9016,True,0.9119,TARGET
754,0.2623,0.015,0.5083,0.1352,False,0.2243,PASS
755,0.2826,0.0762,0.0,0.2508,False,0.1681,PASS
756,0.0603,0.2832,0.2982,0.0912,False,0.1698,PASS
757,0.2002,0.4194,0.3408,0.3286,False,0.3088,UNCERTAIN
758,0.2166,0.3106,0.3595,0.0,False,0.2254,PASS
759,0.0035,0.2242,0.2524,0.3364,False,0.1751,PASS
760,0.3522,0.1992,0.0,0.2755,False,0.2282,PASS
761,1.0,0.6982,0.7699,0.8027,True,0.8391,UNCERTAIN
762,0.1527,0.361,0.2026,0.6214,False,0.3085,UNCERTAIN
763,1.0,0.4715,0.485,0.6101,True,0.6869,UNCERTAIN
764,0.3223,0.0,0.4535,0.3428,False,0.2721,PASS
765,0.3547,0.4088,0.0768,0.2156,False,0.2848,PASS
766,0.2334,0.3099,0.0527,0.4141,False,0.2525,PASS
767,0.1714,0.1897,0.1593,0.5243,False,0.2442,PASS
768,0.4219,0.182,0.0,0.2291,False,0.239,PASS
769,0.8028,0.6728,0.9152,0.8298,True,0.7982,UNCERTAIN
770,0.6762,0.3684,1.0,0.5719,True,0.6432,UNCERTAIN
771,0.2718,0.1023,0.256,0.2715,False,0.2262,PASS
772,0.3942,0.5838,0.9122,0.6826,True,0.6029,UNCERTAIN
773,0.3619,0.2224,0.2268,0.2407,False,0.2758,PASS
774,0.7657,0.2996,0.0049,0.217,False,0.3873,UNCERTAIN
775,0.7392,0.8728,0.4576,0.8012,True,0.7287,UNCERTAIN
776,0.0819,0.5361,0.3628,0.1579,False,0.2668,PASS
777,0.178,0.0,0.0117,0.0954,False,0.0837,PASS
778,0.7112,0.4895,0.6328,0.734,True,0.6447,UNCERTAIN
779,0.221,0.0624,0.284,0.3405,False,0.2179,PASS
780,0.1783,0.0645,0.1596,0.0927,False,0.129,PASS
781,0.3694,0.549,0.3043,0.1988,False,0.3672,UNCERTAIN
782,0.262,0.4103,0.0195,0.1356,False,0.2253,PASS
783,0.1939,0.2287,0.3713,0.392,False,0.2777,PASS
784,0.2199,0.2238,0.3807,0.468,False,0.3026,UNCERTAIN
785,0.398,0.3337,0.0,0.4042,False,0.3036,UNCERTAIN
786,0.0919,0.1997,0.0716,0.0058,False,0.0976,PASS
787,0.2003,0.2131,0.1229,0.5408,False,0.2561,PASS
788,0.0,0.1242,0.1716,0.1683,False,0.099,PASS
789,0.4225,0.221,0.1041,0.0,False,0.224,PASS
790,0.8531,1.0,0.8925,0.8157,True,0.8902,TARGET
791,0.0626,0.6302,0.4022,0.0679,False,0.2735,PASS
792,0.2759,0.3872,0.3443,0.4124,False,0.3447,UNCERTAIN
793,0.4439,0.2796,0.397,0.2643,False,0.3576,UNCERTAIN
794,0.1329,0.3951,0.1166,0.0,False,0.1686,PASS
795,0.3012,0.1383,0.0652,0.4599,False,0.245,PASS
796,0.9863,0.8264,0.7234,0.7027,True,0.8371,UNCERTAIN
797,0.5619,0.1209,0.1624,0.0285,False,0.2651,PASS
798,0.4194,0.2852,0.2247,0.3905,False,0.3411,UNCERTAIN
799,0.2572,0.2363,0.0068,0.5487,False,0.2602,PASS
800,0.266,0.3735,0.076,0.1056,False,0.2228,PASS
801,0.2493,0.2636,0.1351,0.5,False,0.2802,PASS
802,0.0575,0.5365,0.2097,0.0,False,0.1962,PASS
803,0.0377,0.0717,0.0,0.196,False,0.0703,PASS
804,0.7939,0.584,0.7368,0.7162,True,0.7145,UNCERTAIN
805,0.2234,0.0,0.1329,0.3971,False,0.1842,PASS
806,0.2235,0.1326,0.1393,0.1111,False,0.1615,PASS
807,0.9161,0.798,0.757,0.8063,True,0.8328,UNCERTAIN
808,0.0,0.0094,0.1543,0.3218,False,0.0976,PASS
809,0.6514,0.4234,0.9585,0.9794,True,0.7214,UNCERTAIN
810,0.3387,0.0,0.0,0.6788,False,0.2543,PASS
811,0.366,0.1226,0.1492,0.307,False,0.25,PASS
812,0.669,0.8269,0.9927,1.0,True,0.8394,UNCERTAIN
813,0.1986,0.328,0.2404,0.4624,False,0.2921,PASS
814,0.0,0.271,0.349,0.2536,False,0.1883,PASS
815,0.1605,0.2061,0.1282,0.1844,False,0.1702,PASS
816,0.9301,0.7298,1.0,0.6376,True,0.8355,UNCERTAIN
817,0.5088,0.1311,0.1915,0.2032,False,0.2898,PASS
818,0.2176,0.1625,0.3059,0.2182,False,0.2216,PASS
819,0.1235,0.3412,0.1537,0.2348,False,0.2062,PASS
820,0.1132,0.1152,0.1281,0.2494,False,0.1439,PASS
821,0.0,0.2147,0.3364,0.3976,False,0.2005,PASS
822,0.2336,0.0114,0.4316,0.2853,False,0.228,PASS
823,0.3264,0.4392,0.1904,0.0,False,0.2621,PASS
824,0.2291,0.47,0.1602,0.0292,False,0.2356,PASS
825,0.7894,0.7966,0.6343,0.5052,True,0.7033,UNCERTAIN
826,0.1791,0.6968,0.203,0.3452,False,0.3465,UNCERTAIN
827,0.9525,0.7008,0.8742,1.0,True,0.8834,TARGET
828,0.2171,0.3095,0.267,0.5144,False,0.3097,UNCERTAIN
829,0.2203,0.379,0.3834,0.0,False,0.2486,PASS
830,0.5681,0.3021,0.5869,0.2389,False,0.4395,UNCERTAIN
831,0.1645,0.3899,0.4638,0.4259,False,0.333,UNCERTAIN
832,0.2386,0.216,0.3014,0.3066,False,0.2591,PASS
833,0.5695,0.9329,0.6467,0.5469,True,0.6713,UNCERTAIN
834,0.2421,0.0741,0.0957,0.0721,False,0.1368,PASS
835,0.3625,0.5255,0.1531,0.3524,False,0.3594,UNCERTAIN
836,0.1697,0.3496,0.1055,0.0603,False,0.1799,PASS
837,0.1196,0.1152,0.2275,0.3628,False,0.1887,PASS
838,0.2237,0.3053,0.0,0.309,False,0.2164,PASS
839,0.8966,0.8346,0.8034,0.6294,True,0.809,UNCERTAIN
840,0.8106,0.1527,0.2324,0.3106,False,0.4305,UNCERTAIN
841,0.1521,0.0191,0.0479,0.221,False,0.1118,PASS
842,0.4101,0.1052,0.1491,0.1417,False,0.228,PASS
843,0.2478,0.1884,0.3486,0.0875,False,0.221,PASS
844,0.6437,0.5801,0.2308,0.1065,False,0.4378,UNCERTAIN
845,0.1778,0.2794,0.1233,0.6473,False,0.2862,PASS
846,0.0118,0.0,0.3206,0.1698,False,0.1022,PASS
847,1.0,0.447,0.8433,0.6947,True,0.7694,UNCERTAIN
848,0.1411,0.7392,0.2524,0.2015,False,0.325,UNCERTAIN
849,0.6767,0.7612,0.8351,0.5415,True,0.7025,UNCERTAIN
850,1.0,0.8339,0.5828,0.5422,True,0.7835,UNCERTAIN
851,0.0294,0.17,0.3108,0.4402,False,0.203,PASS
852,0.0,0.3478,0.0,0.3425,False,0.1555,PASS
853,0.0424,0.3206,0.2104,0.4335,False,0.2238,PASS
854,0.0,0.4591,0.0367,0.4424,False,0.2106,PASS
855,0.6399,0.872,0.6855,0.2509,True,0.6293,UNCERTAIN
856,0.3029,0.5792,0.2173,0.3517,False,0.3646,UNCERTAIN
857,0.5155,0.2014,0.0546,0.2484,False,0.2914,PASS
858,0.8681,0.6263,0.9854,0.9546,True,0.8484,UNCERTAIN
859,0.7727,0.748,0.9072,0.5672,True,0.7524,UNCERTAIN
860,0.6806,0.8678,0.7895,0.6396,True,0.741,UNCERTAIN
861,0.2661,0.021,0.299,0.2657,False,0.2113,PASS
862,0.6831,0.8263,0.8,0.4291,True,0.6915,UNCERTAIN
863,0.4358,0.5035,0.1634,0.3498,False,0.381,UNCERTAIN
864,0.3956,0.1643,0.3695,0.3201,False,0.3175,UNCERTAIN
865,0.7574,0.6463,0.6808,1.0,True,0.7628,UNCERTAIN
866,0.2213,0.3731,0.0,0.4783,False,0.2664,PASS
867,0.2583,0.4619,0.4509,0.0,False,0.2961,PASS
868,0.2268,0.3378,0.2556,0.2426,False,0.2635,PASS
869,0.1479,0.4093,0.3319,0.0,False,0.2205,PASS
870,0.0853,0.2197,0.173,0.3668,False,0.1927,PASS
871,0.9215,0.9236,0.7556,0.4662,True,0.7978,UNCERTAIN
872,0.4527,0.2886,0.2433,0.3692,False,0.3531,UNCERTAIN
873,0.1264,0.0643,0.0487,0.2626,False,0.1226,PASS
874,0.7995,0.9064,0.8701,0.9782,True,0.8761,TARGET
875,0.3225,0.5673,0.2421,0.313,False,0.3657,UNCERTAIN
876,0.8267,0.5881,0.7407,0.885,True,0.7615,UNCERTAIN
877,0.6371,0.5598,0.7516,0.9053,True,0.6943,UNCERTAIN
878,0.0799,0.1779,0.1409,0.1086,False,0.1223,PASS
879,0.1723,0.4658,0.3213,0.4556,False,0.3321,UNCERTAIN
880,0.0,0.5973,0.1567,0.0426,False,0.1892,PASS
881,0.634,0.1936,0.3593,0.425,False,0.4271,UNCERTAIN
882,0.0494,0.0725,0.0,0.1899,False,0.0734,PASS
883,0.7631,0.4989,0.6346,0.5409,True,0.6269,UNCERTAIN
884,0.3465,0.7231,0.6762,0.8395,True,0.6052,UNCERTAIN
885,0.3409,0.4207,0.2251,0.3233,False,0.3342,UNCERTAIN
886,0.1844,0.0883,0.1762,0.0,False,0.1218,PASS
887,0.5099,0.3915,0.2719,0.2595,False,0.3826,UNCERTAIN
888,0.6233,0.4659,0.9022,0.6588,True,0.6468,UNCERTAIN
889,0.9182,0.7132,0.8731,0.6852,True,0.8113,UNCERTAIN
890,0.1121,0.0,0.3446,0.2121,False,0.1506,PASS
891,0.0366,0.213,0.5177,0.476,False,0.2648,PASS
892,0.4552,0.5022,0.4788,0.3875,False,0.4581,UNCERTAIN
893,0.1339,0.5605,0.2014,0.1135,False,0.25,PASS
894,0.7478,0.915,0.5561,0.7784,True,0.7574,UNCERTAIN
895,0.2806,0.0483,0.1513,0.0852,False,0.1576,PASS
896,0.6345,0.5239,0.3783,0.5797,False,0.5447,UNCERTAIN
897,0.0721,0.1663,0.4088,0.5189,False,0.2524,PASS
898,0.3207,0.2004,0.2919,0.0401,False,0.2288,PASS
899,0.1551,0.2544,0.0368,0.2942,False,0.1841,PASS
900,0.4946,0.3414,0.1074,0.4502,False,0.37,UNCERTAIN
901,0.5922,0.425,0.3035,0.0,False,0.3742,UNCERTAIN
902,0.9847,0.6749,0.4925,0.9315,True,0.7981,UNCERTAIN
903,0.0826,0.0991,0.1288,0.0,False,0.0795,PASS
904,0.2922,0.357,0.0098,0.2176,False,0.237,PASS
905,0.3219,0.2696,0.4409,0.333,False,0.3349,UNCERTAIN
906,0.1709,0.2431,0.0951,0.1634,False,0.1723,PASS
907,0.6263,0.2977,0.0411,0.498,False,0.4014,UNCERTAIN
908,0.0736,0.3309,0.7978,0.1229,False,0.2926,PASS
909,0.0,0.1155,0.2003,0.4497,False,0.1589,PASS
910,0.1989,0.3091,0.0672,0.4822,False,0.2567,PASS
911,0.4356,0.257,0.4807,0.1701,False,0.3469,UNCERTAIN
912,0.6954,0.7563,1.0,0.4168,True,0.7158,UNCERTAIN
913,0.1099,0.3622,0.1132,0.3732,False,0.2263,PASS
914,0.2272,0.1449,0.0,0.6521,False,0.2462,PASS
915,0.2857,0.759,0.2662,0.4758,False,0.4381,UNCERTAIN
916,0.4394,0.2573,0.3231,0.0,False,0.2827,PASS
917,0.1526,0.2333,0.1179,0.1327,False,0.1619,PASS
918,0.2156,0.487,0.0433,0.4816,False,0.3022,UNCERTAIN
919,0.3316,0.2592,0.0024,0.1117,False,0.2037,PASS
920,1.0,0.6996,0.7575,0.5196,True,0.7803,UNCERTAIN
921,0.0539,0.0,0.2006,0.0601,False,0.071,PASS
922,0.4294,0.4588,0.2066,0.3744,False,0.3812,UNCERTAIN
923,0.4315,1.0,0.6051,0.5556,True,0.6332,UNCERTAIN
924,0.3753,0.4306,0.1531,0.0981,False,0.2893,PASS
925,0.0,0.2406,0.2736,0.2567,False,0.1662,PASS
926,0.831,0.9008,0.8657,0.975,True,0.8842,TARGET
927,0.8535,0.807,0.8968,0.5759,True,0.795,UNCERTAIN
928,0.5305,0.5235,0.3467,0.0,False,0.3859,UNCERTAIN
929,0.1815,0.4464,0.4524,0.3523,False,0.336,UNCERTAIN
930,0.7148,0.5647,0.7513,0.7758,True,0.6968,UNCERTAIN
931,0.625,0.6915,0.8264,0.6536,True,0.6876,UNCERTAIN
932,0.0505,0.0293,0.0,0.3083,False,0.0867,PASS
933,0.1739,0.0475,0.0,0.2929,False,0.1313,PASS
934,0.9775,0.801,0.6612,1.0,True,0.8746,TARGET
935,0.1496,0.0065,0.625,0.2265,False,0.2243,PASS
936,0.5208,0.8362,0.8012,0.8681,True,0.7252,UNCERTAIN
937,0.3124,0.0405,0.2717,0.15,False,0.2038,PASS
938,0.383,0.1544,0.1072,0.0,False,0.1941,PASS
939,0.1103,0.0,0.0869,0.0546,False,0.0669,PASS
940,0.5569,0.719,0.5248,0.2878,True,0.5372,UNCERTAIN
941,0.3178,0.3211,0.241,0.3956,False,0.3188,UNCERTAIN
942,0.2132,0.3528,0.0,0.4051,False,0.2438,PASS
943,0.9677,0.5948,0.8095,0.4367,True,0.7366,UNCERTAIN
944,0.5896,0.5759,0.6058,0.7366,True,0.6188,UNCERTAIN
945,0.3674,0.4851,0.4345,0.3406,False,0.4049,UNCERTAIN
946,0.4677,0.3834,0.249,0.5139,False,0.4121,UNCERTAIN
947,0.5541,0.8622,0.6523,0.7744,True,0.6948,UNCERTAIN
948,0.9552,0.5349,0.862,0.5206,True,0.7446,UNCERTAIN
949,0.6502,0.6775,0.7579,0.8152,True,0.7116,UNCERTAIN
950,0.2614,0.3633,0.3184,0.0,False,0.246,PASS
951,0.6503,0.9595,0.6653,0.4823,True,0.697,UNCERTAIN
952,0.9684,0.8574,0.9042,0.8932,True,0.9128,TARGET
953,0.5609,0.5728,1.0,0.4877,True,0.637,UNCERTAIN
954,0.8267,1.0,0.6113,0.7975,True,0.8211,UNCERTAIN
955,0.2676,0.3688,0.043,0.1222,False,0.2189,PASS
956,0.8246,0.6323,0.811,1.0,True,0.8089,UNCERTAIN
957,0.466,0.8327,0.8799,0.7498,True,0.6972,UNCERTAIN
958,0.4274,0.7063,0.6873,0.5744,True,0.5785,UNCERTAIN
959,0.3554,0.3167,0.1758,0.0,False,0.2387,PASS
960,0.4477,0.3221,0.0585,0.0,False,0.2489,PASS
961,0.7477,0.8869,0.9186,0.8122,True,0.8296,UNCERTAIN
962,0.3243,0.0361,0.4063,0.3925,False,0.2823,PASS
963,0.5072,0.7713,0.4422,0.5258,True,0.5639,UNCERTAIN
964,0.0,0.3662,0.142,0.2101,False,0.162,PASS
965,0.8613,0.8907,0.8678,0.5335,True,0.8044,UNCERTAIN
966,0.2561,0.1295,0.2648,0.2859,False,0.2321,PASS
967,0.9303,0.8241,0.637,0.7395,True,0.8069,UNCERTAIN
968,0.7439,0.699,0.6071,0.6307,True,0.6827,UNCERTAIN
969,0.2397,0.2635,0.5031,0.641,False,0.3786,UNCERTAIN
970,0.4967,0.2572,0.1374,0.0,False,0.2656,PASS
971,0.0,0.3655,0.0,0.2152,False,0.1344,PASS
972,0.6813,0.7575,0.8492,0.7678,True,0.7512,UNCERTAIN
973,0.0957,0.3809,0.3622,0.1937,False,0.2399,PASS
974,0.9656,0.7855,0.4843,0.7159,True,0.7744,UNCERTAIN
975,0.5564,0.1848,0.3528,0.3591,False,0.3833,UNCERTAIN
976,0.6729,0.3432,0.1349,0.1797,False,0.3842,UNCERTAIN
977,0.0465,0.416,0.273,0.0749,False,0.1899,PASS
978,0.7806,0.7562,0.7679,0.7608,True,0.768,UNCERTAIN
979,0.4737,0.4922,0.0812,0.2594,False,0.357,UNCERTAIN
980,0.8607,0.8441,0.6733,0.9753,True,0.842,UNCERTAIN
981,0.1301,0.0469,0.1396,0.1338,False,0.1119,PASS
982,0.2271,0.4245,0.4266,0.2137,False,0.3137,UNCERTAIN
983,0.8443,0.5833,0.6435,0.6914,True,0.7083,UNCERTAIN
984,0.327,0.7419,0.8597,0.6811,True,0.6081,UNCERTAIN
985,0.1049,0.2495,0.1847,0.3476,False,0.2055,PASS
986,0.0263,0.2774,0.0329,0.0,False,0.0851,PASS
987,0.1499,0.7955,0.4344,0.5603,False,0.4503,UNCERTAIN
988,0.7244,0.8082,0.7781,0.8281,True,0.7769,UNCERTAIN
989,0.404,0.3768,0.4331,0.2463,False,0.3715,UNCERTAIN
990,0.1576,0.2206,0.251,0.4242,False,0.2453,PASS
991,1.0,0.7136,0.989,0.6132,True,0.8488,UNCERTAIN
992,0.695,0.6474,0.784,0.7561,True,0.7131,UNCERTAIN
993,0.2161,0.2951,0.2932,0.2744,False,0.2629,PASS
994,0.1163,0.6971,0.0,0.3771,False,0.2904,PASS
995,0.3098,0.1725,0.257,0.1377,False,0.2305,PASS
996,0.2423,0.2469,0.2821,0.5031,False,0.3036,UNCERTAIN
997,0.3797,0.2156,0.0,0.2809,False,0.243,PASS
998,0.3769,0.4691,0.0,0.4131,False,0.3318,UNCERTAIN
999,0.3941,0.3264,0.4363,0.0,False,0.3068,UNCERTAIN
1000,0.421,0.2392,0.2096,0.0851,False,0.2661,PASS
